{"cameraMode":{"drawMode":0,"name":"Shaded","section":"Shading Mode"},"sceneLighting":true,"audioPlay":false,"sceneViewState":{"showFog":true,"showMaterialUpdate":false,"showSkybox":false,"showFlares":true,"showImageEffects":true,"showParticleSystems":true},"in2DMode":false,"pivot":{"x":10.105194091796875,"y":1.7689998149871827,"z":1.818847894668579},"rotation":{"x":0.07784733176231384,"y":0.04335345700383186,"z":-0.0033882814459502699,"w":0.9960165023803711},"size":194.8853302001953,"orthographic":false}