{"cameraMode":{"drawMode":0,"name":"Shaded","section":"Shading Mode"},"sceneLighting":false,"audioPlay":false,"sceneViewState":{"showFog":true,"showMaterialUpdate":false,"showSkybox":false,"showFlares":true,"showImageEffects":true,"showParticleSystems":true},"in2DMode":false,"pivot":{"x":-1.4893157482147217,"y":5.611126899719238,"z":-10.421083450317383},"rotation":{"x":-0.17994536459445954,"y":0.6499425172805786,"z":-0.16236893832683564,"w":-0.7202990651130676},"size":2.173085927963257,"orthographic":false}