{"cameraMode":{"drawMode":0,"name":"Shaded","section":"Shading Mode"},"sceneLighting":false,"audioPlay":false,"sceneViewState":{"showFog":true,"showMaterialUpdate":false,"showSkybox":false,"showFlares":true,"showImageEffects":true,"showParticleSystems":true},"in2DMode":false,"pivot":{"x":53.14896774291992,"y":5.712721347808838,"z":-57.76395797729492},"rotation":{"x":0.14317701756954194,"y":-0.8385069370269775,"z":0.26408201456069949,"w":0.45460668206214907},"size":59.67267990112305,"orthographic":false}