{"cameraMode":{"drawMode":0,"name":"Shaded","section":"Shading Mode"},"sceneLighting":false,"audioPlay":false,"sceneViewState":{"showFog":true,"showMaterialUpdate":false,"showSkybox":false,"showFlares":true,"showImageEffects":true,"showParticleSystems":true},"in2DMode":false,"pivot":{"x":0.01455235481262207,"y":0.006236553192138672,"z":0.0438762903213501},"rotation":{"x":-0.09196420013904572,"y":-0.08205727487802506,"z":0.00760482857003808,"w":-0.9923464059829712},"size":4.494978427886963,"orthographic":false}